date,precipitation_mm,max_temp_c,is_weekend,is_holiday,holiday_name
2022-01-01,0.0,30.0,True,True,วันขึ้นปีใหม่
2022-01-02,0.0,30.6,True,False,
2022-01-03,0.0,31.4,False,True,ชดเชยวันขึ้นปีใหม่
2022-01-04,0.0,31.3,False,False,
2022-01-05,0.0,32.3,False,False,
2022-01-06,0.0,32.3,False,False,
2022-01-07,0.0,32.9,False,False,
2022-01-08,0.0,32.9,True,True,วันเด็กแห่งชาติ
2022-01-09,0.0,33.0,True,False,
2022-01-10,0.0,32.9,False,False,
2022-01-11,0.0,33.8,False,False,
2022-01-12,0.1,33.2,False,False,
2022-01-13,0.0,33.0,False,False,
2022-01-14,0.0,32.8,False,False,
2022-01-15,0.0,32.8,True,False,
2022-01-16,0.0,32.8,True,False,
2022-01-17,0.1,32.8,False,False,
2022-01-18,0.0,33.0,False,False,
2022-01-19,0.0,32.3,False,False,
2022-01-20,0.0,32.5,False,False,
2022-01-21,31.9,28.6,False,False,
2022-01-22,1.2,28.4,True,False,
2022-01-23,0.2,31.2,True,False,
2022-01-24,0.1,31.5,False,False,
2022-01-25,0.0,32.2,False,False,
2022-01-26,0.1,31.8,False,False,
2022-01-27,1.1,32.7,False,False,
2022-01-28,0.3,32.3,False,False,
2022-01-29,0.0,34.5,True,False,
2022-01-30,0.0,34.5,True,False,
2022-01-31,0.2,32.6,False,False,
2022-02-01,0.3,31.9,False,False,
2022-02-02,2.7,30.9,False,False,
2022-02-03,0.2,31.9,False,False,
2022-02-04,1.6,32.5,False,False,
2022-02-05,0.8,32.5,True,False,
2022-02-06,0.0,33.0,True,False,
2022-02-07,0.0,33.8,False,False,
2022-02-08,0.0,34.4,False,False,
2022-02-09,1.3,32.9,False,False,
2022-02-10,8.4,33.0,False,False,
2022-02-11,12.1,32.0,False,False,
2022-02-12,4.3,29.8,True,False,
2022-02-13,1.0,31.3,True,False,
2022-02-14,3.9,30.6,False,False,
2022-02-15,11.8,28.0,False,False,
2022-02-16,17.2,28.5,False,True,วันมาฆบูชา
2022-02-17,7.0,28.4,False,False,
2022-02-18,7.9,29.4,False,False,
2022-02-19,15.9,30.0,True,False,
2022-02-20,2.0,30.6,True,False,
2022-02-21,2.0,28.7,False,False,
2022-02-22,0.0,28.9,False,False,
2022-02-23,0.0,29.9,False,False,
2022-02-24,0.0,29.0,False,False,
2022-02-25,0.0,29.9,False,False,
2022-02-26,0.0,30.6,True,False,
2022-02-27,0.0,32.5,True,False,
2022-02-28,0.0,33.8,False,False,
2022-03-01,0.7,32.7,False,False,
2022-03-02,1.9,31.8,False,False,
2022-03-03,0.4,32.8,False,False,
2022-03-04,0.0,33.8,False,False,
2022-03-05,0.2,33.7,True,False,
2022-03-06,0.0,33.3,True,False,
2022-03-07,20.4,32.5,False,False,
2022-03-08,4.8,30.1,False,False,
2022-03-09,0.0,32.0,False,False,
2022-03-10,0.8,31.6,False,False,
2022-03-11,1.1,31.8,False,False,
2022-03-12,0.2,33.2,True,False,
2022-03-13,0.1,32.9,True,False,
2022-03-14,0.0,32.9,False,False,
2022-03-15,0.0,34.2,False,False,
2022-03-16,1.3,32.5,False,False,
2022-03-17,0.0,33.5,False,False,
2022-03-18,13.4,32.7,False,False,
2022-03-19,0.0,32.6,True,False,
2022-03-20,5.0,31.9,True,False,
2022-03-21,9.4,30.3,False,False,
2022-03-22,8.7,30.3,False,False,
2022-03-23,4.0,29.4,False,False,
2022-03-24,4.2,30.5,False,False,
2022-03-25,6.5,30.8,False,False,
2022-03-26,0.0,32.2,True,False,
2022-03-27,0.9,33.2,True,False,
2022-03-28,2.9,32.5,False,False,
2022-03-29,6.5,31.2,False,False,
2022-03-30,7.1,31.8,False,False,
2022-03-31,11.4,32.8,False,False,
2022-04-01,0.2,32.4,False,False,
2022-04-02,0.0,27.6,True,False,
2022-04-03,0.6,25.1,True,False,
2022-04-04,0.0,30.9,False,False,
2022-04-05,0.0,32.1,False,False,
2022-04-06,0.0,34.7,False,True,วันพระบาทสมเด็จพระพุทธยอดฟ้าจุฬาโลกมหาราช และวันที่ระลึกมหาจักรีบรมราชวงศ์
2022-04-07,0.0,34.6,False,False,
2022-04-08,0.0,34.2,False,False,
2022-04-09,0.0,35.3,True,False,
2022-04-10,0.0,34.9,True,False,
2022-04-11,1.9,33.8,False,False,
2022-04-12,0.9,34.5,False,False,
2022-04-13,0.5,35.8,False,True,วันสงกรานต์
2022-04-14,0.0,37.5,False,True,วันสงกรานต์
2022-04-15,0.0,37.2,False,True,วันสงกรานต์
2022-04-16,0.0,37.0,True,False,
2022-04-17,2.7,33.0,True,False,
2022-04-18,32.8,30.6,False,False,
2022-04-19,12.2,30.1,False,False,
2022-04-20,5.5,32.0,False,False,
2022-04-21,4.0,31.0,False,False,
2022-04-22,11.3,31.5,False,False,
2022-04-23,0.5,32.7,True,False,
2022-04-24,0.3,33.7,True,False,
2022-04-25,0.3,32.6,False,False,
2022-04-26,1.1,33.0,False,False,
2022-04-27,0.0,35.7,False,False,
2022-04-28,5.0,35.2,False,False,
2022-04-29,2.3,33.1,False,False,
2022-04-30,3.0,32.5,True,False,
2022-05-01,4.9,32.0,True,True,วันแรงงานแห่งชาติ
2022-05-02,44.7,29.3,False,True,ชดเชยวันแรงงานแห่งชาติ
2022-05-03,0.0,26.6,False,False,
2022-05-04,0.0,27.6,False,True,วันฉัตรมงคล
2022-05-05,0.0,31.5,False,False,
2022-05-06,14.8,32.3,False,False,
2022-05-07,4.3,32.3,True,False,
2022-05-08,6.2,31.5,True,False,
2022-05-09,8.7,31.4,False,False,
2022-05-10,4.7,30.0,False,False,
2022-05-11,4.5,29.6,False,False,
2022-05-12,7.0,31.3,False,False,
2022-05-13,0.3,32.8,False,False,
2022-05-14,5.6,32.3,True,False,
2022-05-15,4.6,32.8,True,True,วันวิสาขบูชา
2022-05-16,15.3,33.2,False,True,ชดเชยวันวิสาขบูชา
2022-05-17,21.9,30.2,False,False,
2022-05-18,22.8,29.9,False,False,
2022-05-19,20.2,30.7,False,False,
2022-05-20,9.0,31.0,False,False,
2022-05-21,8.5,29.8,True,False,
2022-05-22,8.4,29.2,True,False,
2022-05-23,1.5,31.0,False,False,
2022-05-24,9.1,30.6,False,False,
2022-05-25,2.5,31.9,False,False,
2022-05-26,0.7,31.4,False,False,
2022-05-27,8.2,32.1,False,False,
2022-05-28,3.8,32.4,True,False,
2022-05-29,5.0,32.3,True,False,
2022-05-30,3.2,32.0,False,False,
2022-05-31,7.0,32.3,False,False,
2022-06-01,1.5,32.5,False,False,
2022-06-02,3.6,32.4,False,False,
2022-06-03,12.1,31.5,False,True,วันเฉลิมพระชนมพรรษาสมเด็จพระนางเจ้าสุทิดา พัชรสุธาพิมลลักษณ พระบรมราชินี
2022-06-04,1.9,30.6,True,False,
2022-06-05,0.4,31.1,True,False,
2022-06-06,0.2,31.9,False,False,
2022-06-07,0.9,32.1,False,False,
2022-06-08,0.5,32.8,False,False,
2022-06-09,5.5,32.7,False,False,
2022-06-10,0.3,33.0,False,False,
2022-06-11,2.0,34.1,True,False,
2022-06-12,0.4,34.6,True,False,
2022-06-13,13.5,34.2,False,False,
2022-06-14,1.5,33.2,False,False,
2022-06-15,4.2,32.0,False,False,
2022-06-16,2.1,31.8,False,False,
2022-06-17,0.2,34.7,False,False,
2022-06-18,0.4,34.7,True,False,
2022-06-19,1.5,36.5,True,False,
2022-06-20,1.2,36.5,False,False,
2022-06-21,19.7,34.0,False,False,
2022-06-22,3.5,33.3,False,False,
2022-06-23,2.5,33.7,False,False,
2022-06-24,25.8,31.6,False,False,
2022-06-25,4.6,31.4,True,False,
2022-06-26,6.6,31.1,True,False,
2022-06-27,5.9,30.5,False,False,
2022-06-28,6.0,33.7,False,False,
2022-06-29,1.7,33.5,False,False,
2022-06-30,11.7,34.2,False,False,
2022-07-01,7.2,32.7,False,False,
2022-07-02,7.1,30.6,True,False,
2022-07-03,3.1,31.4,True,False,
2022-07-04,5.7,32.2,False,False,
2022-07-05,1.5,31.6,False,False,
2022-07-06,2.3,33.2,False,False,
2022-07-07,3.3,32.0,False,False,
2022-07-08,13.6,33.2,False,False,
2022-07-09,13.6,31.0,True,False,
2022-07-10,3.4,29.5,True,False,
2022-07-11,0.8,29.9,False,False,
2022-07-12,3.1,30.2,False,False,
2022-07-13,7.0,27.9,False,True,วันอาสาฬหบูชา
2022-07-14,2.3,32.3,False,True,วันเข้าพรรษา
2022-07-15,8.9,30.5,False,True,วันหยุดพิเศษ (เพิ่มเติม)
2022-07-16,2.5,31.5,True,False,
2022-07-17,4.7,31.2,True,False,
2022-07-18,7.3,33.0,False,False,
2022-07-19,0.8,34.7,False,False,
2022-07-20,13.1,32.8,False,False,
2022-07-21,34.9,28.6,False,False,
2022-07-22,3.6,30.3,False,False,
2022-07-23,5.7,30.5,True,False,
2022-07-24,22.3,31.2,True,False,
2022-07-25,6.8,31.5,False,False,
2022-07-26,1.0,32.5,False,False,
2022-07-27,3.2,31.8,False,False,
2022-07-28,2.6,30.9,False,True,วันเฉลิมพระชนมพรรษาพระบาทสมเด็จพระปรเมนทรรามาธิบดีศรีสินทรมหาวชิราลงกรณ พระวชิรเกล้าเจ้าอยู่หัว
2022-07-29,0.6,31.9,False,True,วันหยุดพิเศษ (เพิ่มเติม)
2022-07-30,4.4,33.0,True,False,
2022-07-31,13.0,32.6,True,False,
2022-08-01,33.9,29.4,False,False,
2022-08-02,9.4,28.0,False,False,
2022-08-03,2.9,30.0,False,False,
2022-08-04,8.6,31.8,False,False,
2022-08-05,5.7,29.9,False,False,
2022-08-06,0.5,31.2,True,False,
2022-08-07,8.5,30.0,True,False,
2022-08-08,20.8,28.4,False,False,
2022-08-09,6.7,28.1,False,False,
2022-08-10,1.2,31.5,False,False,
2022-08-11,17.4,30.5,False,False,
2022-08-12,10.4,30.4,False,True,วันเฉลิมพระชนมพรรษาสมเด็จพระบรมราชชนนีพันปีหลวง; วันแม่แห่งชาติ
2022-08-13,1.0,31.2,True,False,
2022-08-14,1.7,31.5,True,False,
2022-08-15,31.5,31.9,False,False,
2022-08-16,7.9,29.6,False,False,
2022-08-17,3.8,30.6,False,False,
2022-08-18,2.7,30.6,False,False,
2022-08-19,25.6,31.6,False,False,
2022-08-20,4.9,30.9,True,False,
2022-08-21,11.7,30.6,True,False,
2022-08-22,1.3,31.4,False,False,
2022-08-23,0.4,32.0,False,False,
2022-08-24,0.0,33.5,False,False,
2022-08-25,36.6,29.6,False,False,
2022-08-26,11.6,29.0,False,False,
2022-08-27,0.8,30.2,True,False,
2022-08-28,2.1,31.6,True,False,
2022-08-29,17.1,29.8,False,False,
2022-08-30,3.3,31.2,False,False,
2022-08-31,0.7,31.9,False,False,
2022-09-01,3.0,32.0,False,False,
2022-09-02,12.1,31.9,False,False,
2022-09-03,8.2,31.9,True,False,
2022-09-04,31.1,31.4,True,False,
2022-09-05,14.5,29.8,False,False,
2022-09-06,22.2,30.2,False,False,
2022-09-07,11.0,28.0,False,False,
2022-09-08,23.1,28.8,False,False,
2022-09-09,9.0,30.4,False,False,
2022-09-10,27.2,30.8,True,False,
2022-09-11,7.4,31.2,True,False,
2022-09-12,12.4,31.0,False,False,
2022-09-13,8.2,31.1,False,False,
2022-09-14,7.5,30.8,False,False,
2022-09-15,13.2,31.3,False,False,
2022-09-16,4.1,31.1,False,False,
2022-09-17,9.5,30.8,True,False,
2022-09-18,11.7,29.6,True,False,
2022-09-19,17.1,30.0,False,False,
2022-09-20,1.1,31.1,False,False,
2022-09-21,17.0,31.5,False,False,
2022-09-22,19.2,29.8,False,False,
2022-09-23,19.2,29.6,False,False,
2022-09-24,24.5,30.0,True,False,
2022-09-25,18.0,29.2,True,False,
2022-09-26,28.3,29.0,False,False,
2022-09-27,20.0,29.2,False,False,
2022-09-28,0.2,29.9,False,False,
2022-09-29,18.1,27.9,False,False,
2022-09-30,16.8,29.8,False,False,
2022-10-01,5.2,29.8,True,False,
2022-10-02,5.5,30.8,True,False,
2022-10-03,22.1,28.9,False,False,
2022-10-04,12.2,30.0,False,False,
2022-10-05,11.6,28.8,False,False,
2022-10-06,15.6,30.0,False,False,
2022-10-07,28.6,30.6,False,False,
2022-10-08,16.4,30.4,True,False,
2022-10-09,19.0,30.6,True,False,
2022-10-10,28.9,29.0,False,False,
2022-10-11,15.1,28.9,False,False,
2022-10-12,0.5,30.8,False,False,
2022-10-13,0.1,31.6,False,True,วันคล้ายวันสวรรคตพระบาทสมเด็จพระบรมชนกาธิเบศร มหาภูมิพลอดุลยเดชมหาราช บรมนาถบพิตร
2022-10-14,0.0,31.4,False,True,วันหยุดพิเศษ (เพิ่มเติม)
2022-10-15,0.0,29.5,True,False,
2022-10-16,1.1,25.1,True,False,
2022-10-17,1.2,29.6,False,False,
2022-10-18,0.0,30.5,False,False,
2022-10-19,0.0,30.8,False,False,
2022-10-20,0.0,30.1,False,False,
2022-10-21,0.4,29.5,False,False,
2022-10-22,20.5,30.6,True,False,
2022-10-23,8.7,30.4,True,True,วันปิยมหาราช
2022-10-24,0.0,32.2,False,True,ชดเชยวันปิยมหาราช
2022-10-25,0.0,32.7,False,False,
2022-10-26,0.3,31.9,False,False,
2022-10-27,5.1,29.1,False,False,
2022-10-28,0.2,31.0,False,False,
2022-10-29,0.0,31.9,True,False,
2022-10-30,0.0,31.6,True,False,
2022-10-31,0.0,31.5,False,False,
2022-11-01,0.0,31.0,False,False,
2022-11-02,0.0,31.6,False,False,
2022-11-03,0.0,32.2,False,False,
2022-11-04,0.0,32.5,False,False,
2022-11-05,0.0,31.8,True,False,
2022-11-06,3.4,32.5,True,False,
2022-11-07,0.8,31.9,False,False,
2022-11-08,0.0,32.7,False,False,
2022-11-09,0.0,32.5,False,False,
2022-11-10,0.0,34.2,False,False,
2022-11-11,0.0,34.2,False,False,
2022-11-12,0.0,34.2,True,False,
2022-11-13,0.6,33.5,True,False,
2022-11-14,15.5,30.6,False,False,
2022-11-15,0.2,32.2,False,False,
2022-11-16,3.2,32.4,False,False,
2022-11-17,5.7,31.7,False,False,
2022-11-18,7.3,31.0,False,False,
2022-11-19,0.6,32.6,True,False,
2022-11-20,11.6,30.9,True,False,
2022-11-21,4.8,31.4,False,False,
2022-11-22,0.0,33.0,False,False,
2022-11-23,8.8,32.1,False,False,
2022-11-24,18.5,27.8,False,False,
2022-11-25,12.2,29.4,False,False,
2022-11-26,11.2,28.6,True,False,
2022-11-27,1.4,29.5,True,False,
2022-11-28,4.4,30.4,False,False,
2022-11-29,6.5,30.5,False,False,
2022-11-30,10.9,31.4,False,False,
2022-12-01,1.4,31.1,False,False,
2022-12-02,0.4,30.8,False,False,
2022-12-03,6.7,30.0,True,False,
2022-12-04,0.0,30.2,True,False,
2022-12-05,1.0,30.7,False,True,วันคล้ายวันเฉลิมพระชนมพรรษาพระบาทสมเด็จพระบรมชนกาธิเบศร มหาภูมิพลอดุลยเดชมหาราช บรมนาถบพิตร; วันชาติ; วันพ่อแห่งชาติ
2022-12-06,0.0,31.0,False,False,
2022-12-07,0.4,30.9,False,False,
2022-12-08,0.0,31.1,False,False,
2022-12-09,0.0,31.6,False,False,
2022-12-10,0.2,31.0,True,True,วันรัฐธรรมนูญ
2022-12-11,0.0,32.2,True,False,
2022-12-12,0.0,31.9,False,True,ชดเชยวันรัฐธรรมนูญ
2022-12-13,0.0,29.2,False,False,
2022-12-14,0.0,28.5,False,False,
2022-12-15,0.0,29.1,False,False,
2022-12-16,0.0,30.6,False,False,
2022-12-17,0.6,31.9,True,False,
2022-12-18,0.0,27.0,True,False,
2022-12-19,0.0,26.8,False,False,
2022-12-20,0.0,28.5,False,False,
2022-12-21,0.0,30.5,False,False,
2022-12-22,0.0,31.0,False,False,
2022-12-23,0.0,32.2,False,False,
2022-12-24,0.0,31.0,True,False,
2022-12-25,0.0,30.0,True,False,
2022-12-26,0.0,29.4,False,False,
2022-12-27,0.0,29.4,False,False,
2022-12-28,0.0,30.5,False,False,
2022-12-29,0.0,30.9,False,False,
2022-12-30,0.0,30.2,False,True,วันหยุดพิเศษ (เพิ่มเติม)
2022-12-31,0.0,29.0,True,True,วันสิ้นปี
2023-01-01,0.0,28.8,True,True,วันขึ้นปีใหม่
2023-01-02,0.0,29.5,False,True,ชดเชยวันขึ้นปีใหม่
2023-01-03,0.0,30.7,False,True,ชดเชยวันสิ้นปี
2023-01-04,0.0,31.8,False,False,
2023-01-05,0.0,31.2,False,False,
2023-01-06,0.0,30.6,False,False,
2023-01-07,0.0,28.9,True,False,
2023-01-08,0.0,28.7,True,False,
2023-01-09,0.0,31.9,False,False,
2023-01-10,6.3,32.5,False,False,
2023-01-11,0.9,29.8,False,False,
2023-01-12,0.0,31.6,False,False,
2023-01-13,1.7,31.0,False,False,
2023-01-14,1.2,32.3,True,True,วันเด็กแห่งชาติ
2023-01-15,0.0,33.4,True,False,
2023-01-16,0.0,32.7,False,False,
2023-01-17,0.0,33.0,False,False,
2023-01-18,0.0,32.6,False,False,
2023-01-19,0.0,31.5,False,False,
2023-01-20,0.0,30.9,False,False,
2023-01-21,0.0,32.2,True,False,
2023-01-22,0.0,32.0,True,False,
2023-01-23,0.0,33.3,False,False,
2023-01-24,0.3,32.8,False,False,
2023-01-25,0.0,29.0,False,False,
2023-01-26,0.0,30.1,False,False,
2023-01-27,0.0,32.2,False,False,
2023-01-28,0.0,30.0,True,False,
2023-01-29,0.0,28.8,True,False,
2023-01-30,0.0,28.0,False,False,
2023-01-31,0.0,29.8,False,False,
2023-02-01,0.0,32.4,False,False,
2023-02-02,0.0,34.3,False,False,
2023-02-03,4.2,29.5,False,False,
2023-02-04,3.0,33.2,True,False,
2023-02-05,0.8,33.5,True,False,
2023-02-06,0.4,33.7,False,False,
2023-02-07,0.1,32.5,False,False,
2023-02-08,0.2,33.5,False,False,
2023-02-09,0.2,32.5,False,False,
2023-02-10,0.6,33.0,False,False,
2023-02-11,0.0,33.5,True,False,
2023-02-12,0.2,33.2,True,False,
2023-02-13,2.4,32.7,False,False,
2023-02-14,0.3,33.9,False,False,
2023-02-15,49.5,29.0,False,False,
2023-02-16,0.4,30.5,False,False,
2023-02-17,0.0,29.6,False,False,
2023-02-18,0.0,30.5,True,False,
2023-02-19,0.0,32.4,True,False,
2023-02-20,0.0,31.6,False,False,
2023-02-21,0.0,32.7,False,False,
2023-02-22,0.0,32.7,False,False,
2023-02-23,0.0,32.7,False,False,
2023-02-24,0.0,34.1,False,False,
2023-02-25,0.0,33.2,True,False,
2023-02-26,0.0,30.0,True,False,
2023-02-27,0.0,30.8,False,False,
2023-02-28,0.0,31.6,False,False,
2023-03-01,0.0,34.8,False,False,
2023-03-02,0.0,34.2,False,False,
2023-03-03,0.0,33.7,False,False,
2023-03-04,0.0,33.2,True,False,
2023-03-05,0.0,33.5,True,False,
2023-03-06,0.0,34.0,False,True,วันมาฆบูชา
2023-03-07,0.0,34.7,False,False,
2023-03-08,0.0,35.2,False,False,
2023-03-09,0.3,33.5,False,False,
2023-03-10,0.9,33.2,False,False,
2023-03-11,0.6,32.7,True,False,
2023-03-12,1.2,32.0,True,False,
2023-03-13,5.8,33.1,False,False,
2023-03-14,0.0,33.0,False,False,
2023-03-15,1.0,32.2,False,False,
2023-03-16,0.6,31.9,False,False,
2023-03-17,0.6,32.7,False,False,
2023-03-18,0.5,32.7,True,False,
2023-03-19,0.5,32.7,True,False,
2023-03-20,0.7,33.3,False,False,
2023-03-21,0.0,33.6,False,False,
2023-03-22,0.1,34.8,False,False,
2023-03-23,0.0,34.0,False,False,
2023-03-24,0.0,34.8,False,False,
2023-03-25,0.4,34.2,True,False,
2023-03-26,0.1,34.1,True,False,
2023-03-27,0.0,34.0,False,False,
2023-03-28,3.4,33.8,False,False,
2023-03-29,0.0,33.4,False,False,
2023-03-30,1.5,33.0,False,False,
2023-03-31,0.0,34.5,False,False,
2023-04-01,1.3,32.8,True,False,
2023-04-02,0.6,33.3,True,False,
2023-04-03,0.0,36.6,False,False,
2023-04-04,0.0,37.7,False,False,
2023-04-05,0.0,37.0,False,False,
2023-04-06,0.0,37.2,False,True,วันพระบาทสมเด็จพระพุทธยอดฟ้าจุฬาโลกมหาราช และวันที่ระลึกมหาจักรีบรมราชวงศ์
2023-04-07,0.2,34.5,False,False,
2023-04-08,0.8,35.5,True,False,
2023-04-09,2.0,35.9,True,False,
2023-04-10,0.0,35.5,False,False,
2023-04-11,9.5,34.6,False,False,
2023-04-12,0.0,36.1,False,False,
2023-04-13,0.0,36.8,False,True,วันสงกรานต์
2023-04-14,1.3,36.2,False,True,วันสงกรานต์
2023-04-15,8.4,36.5,True,True,วันสงกรานต์
2023-04-16,2.7,32.8,True,False,
2023-04-17,6.4,33.8,False,True,ชดเชยวันสงกรานต์
2023-04-18,0.0,34.8,False,False,
2023-04-19,0.0,36.8,False,False,
2023-04-20,0.0,37.8,False,False,
2023-04-21,0.0,37.8,False,False,
2023-04-22,0.0,38.0,True,False,
2023-04-23,1.8,35.5,True,False,
2023-04-24,0.3,36.4,False,False,
2023-04-25,12.7,36.0,False,False,
2023-04-26,27.3,30.2,False,False,
2023-04-27,7.2,33.0,False,False,
2023-04-28,1.0,33.8,False,False,
2023-04-29,0.1,33.3,True,False,
2023-04-30,11.6,32.5,True,False,
2023-05-01,1.6,32.8,False,True,วันแรงงานแห่งชาติ
2023-05-02,1.6,33.8,False,False,
2023-05-03,0.0,33.5,False,False,
2023-05-04,0.0,34.3,False,True,วันฉัตรมงคล
2023-05-05,0.3,36.8,False,True,วันหยุดพิเศษ (เพิ่มเติม)
2023-05-06,0.1,39.3,True,False,
2023-05-07,0.6,38.4,True,False,
2023-05-08,8.3,38.5,False,False,
2023-05-09,2.1,36.2,False,False,
2023-05-10,8.1,31.5,False,False,
2023-05-11,9.4,32.9,False,False,
2023-05-12,6.5,32.8,False,False,
2023-05-13,0.6,33.9,True,False,
2023-05-14,0.0,34.0,True,False,
2023-05-15,1.1,33.5,False,False,
2023-05-16,0.3,34.4,False,False,
2023-05-17,0.0,36.4,False,False,
2023-05-18,2.5,38.2,False,False,
2023-05-19,0.0,39.2,False,False,
2023-05-20,0.0,38.2,True,False,
2023-05-21,0.0,37.6,True,False,
2023-05-22,0.6,36.3,False,False,
2023-05-23,3.5,35.0,False,False,
2023-05-24,5.0,34.8,False,False,
2023-05-25,0.3,36.1,False,False,
2023-05-26,0.1,37.5,False,False,
2023-05-27,3.0,38.0,True,False,
2023-05-28,9.8,34.3,True,False,
2023-05-29,19.3,32.7,False,False,
2023-05-30,5.9,32.5,False,False,
2023-05-31,11.7,32.4,False,False,
2023-06-01,0.2,34.5,False,False,
2023-06-02,0.6,33.9,False,False,
2023-06-03,6.2,33.2,True,True,วันวิสาขบูชา; วันเฉลิมพระชนมพรรษาสมเด็จพระนางเจ้าสุทิดา พัชรสุธาพิมลลักษณ พระบรมราชินี
2023-06-04,0.8,32.3,True,False,
2023-06-05,3.2,33.5,False,True,ชดเชยวันวิสาขบูชา; ชดเชยวันเฉลิมพระชนมพรรษาสมเด็จพระนางเจ้าสุทิดา พัชรสุธาพิมลลักษณ พระบรมราชินี
2023-06-06,5.4,32.0,False,False,
2023-06-07,4.3,31.6,False,False,
2023-06-08,8.4,32.2,False,False,
2023-06-09,6.8,30.4,False,False,
2023-06-10,28.6,31.5,True,False,
2023-06-11,8.6,30.8,True,False,
2023-06-12,7.7,31.4,False,False,
2023-06-13,5.3,30.9,False,False,
2023-06-14,5.7,30.8,False,False,
2023-06-15,12.3,31.2,False,False,
2023-06-16,3.7,31.9,False,False,
2023-06-17,12.1,32.2,True,False,
2023-06-18,24.2,30.4,True,False,
2023-06-19,4.3,31.1,False,False,
2023-06-20,3.8,32.0,False,False,
2023-06-21,0.3,32.8,False,False,
2023-06-22,0.0,32.9,False,False,
2023-06-23,13.7,35.6,False,False,
2023-06-24,0.2,33.8,True,False,
2023-06-25,1.7,34.3,True,False,
2023-06-26,1.0,32.8,False,False,
2023-06-27,8.1,32.9,False,False,
2023-06-28,27.3,34.0,False,False,
2023-06-29,2.3,32.2,False,False,
2023-06-30,5.1,32.2,False,False,
2023-07-01,24.2,33.1,True,False,
2023-07-02,6.9,32.1,True,False,
2023-07-03,1.2,31.6,False,False,
2023-07-04,2.6,31.6,False,False,
2023-07-05,0.3,31.5,False,False,
2023-07-06,2.0,33.2,False,False,
2023-07-07,6.9,34.0,False,False,
2023-07-08,4.8,31.8,True,False,
2023-07-09,8.9,31.4,True,False,
2023-07-10,22.4,29.5,False,False,
2023-07-11,3.8,30.9,False,False,
2023-07-12,3.4,32.0,False,False,
2023-07-13,2.8,33.9,False,False,
2023-07-14,11.9,32.4,False,False,
2023-07-15,0.8,33.8,True,False,
2023-07-16,0.1,33.8,True,False,
2023-07-17,2.6,33.4,False,False,
2023-07-18,9.7,34.2,False,False,
2023-07-19,0.8,32.7,False,False,
2023-07-20,15.7,31.9,False,False,
2023-07-21,31.3,31.8,False,False,
2023-07-22,32.3,30.9,True,False,
2023-07-23,22.6,30.9,True,False,
2023-07-24,4.6,30.0,False,False,
2023-07-25,5.5,32.2,False,False,
2023-07-26,0.6,33.0,False,False,
2023-07-27,16.4,33.8,False,False,
2023-07-28,2.3,33.8,False,True,วันเฉลิมพระชนมพรรษาพระบาทสมเด็จพระปรเมนทรรามาธิบดีศรีสินทรมหาวชิราลงกรณ พระวชิรเกล้าเจ้าอยู่หัว
2023-07-29,6.1,32.8,True,False,
2023-07-30,2.0,31.9,True,False,
2023-07-31,3.5,30.9,False,True,วันหยุดพิเศษ (เพิ่มเติม)
2023-08-01,9.3,32.1,False,True,วันอาสาฬหบูชา
2023-08-02,9.9,29.8,False,True,วันเข้าพรรษา
2023-08-03,8.6,31.4,False,False,
2023-08-04,4.4,32.8,False,False,
2023-08-05,3.2,32.5,True,False,
2023-08-06,2.8,33.5,True,False,
2023-08-07,4.9,32.7,False,False,
2023-08-08,10.4,32.9,False,False,
2023-08-09,5.4,32.5,False,False,
2023-08-10,3.2,32.5,False,False,
2023-08-11,1.2,33.6,False,False,
2023-08-12,3.0,33.8,True,True,วันเฉลิมพระชนมพรรษาสมเด็จพระบรมราชชนนีพันปีหลวง; วันแม่แห่งชาติ
2023-08-13,4.5,33.3,True,False,
2023-08-14,5.9,34.0,False,True,ชดเชยวันเฉลิมพระชนมพรรษาสมเด็จพระบรมราชชนนีพันปีหลวง; ชดเชยวันแม่แห่งชาติ
2023-08-15,6.0,32.9,False,False,
2023-08-16,7.8,32.0,False,False,
2023-08-17,17.6,32.7,False,False,
2023-08-18,3.9,35.2,False,False,
2023-08-19,21.0,36.5,True,False,
2023-08-20,6.3,35.3,True,False,
2023-08-21,9.3,31.1,False,False,
2023-08-22,8.8,30.6,False,False,
2023-08-23,20.7,31.4,False,False,
2023-08-24,7.8,31.8,False,False,
2023-08-25,7.2,31.6,False,False,
2023-08-26,5.7,32.5,True,False,
2023-08-27,1.1,32.1,True,False,
2023-08-28,0.7,32.2,False,False,
2023-08-29,8.1,31.8,False,False,
2023-08-30,5.7,32.0,False,False,
2023-08-31,40.2,33.4,False,False,
2023-09-01,23.0,32.3,False,False,
2023-09-02,17.8,32.8,True,False,
2023-09-03,4.0,31.7,True,False,
2023-09-04,10.2,32.2,False,False,
2023-09-05,17.5,31.6,False,False,
2023-09-06,2.3,32.0,False,False,
2023-09-07,1.9,32.5,False,False,
2023-09-08,5.8,31.5,False,False,
2023-09-09,26.8,33.1,True,False,
2023-09-10,7.0,30.5,True,False,
2023-09-11,16.0,31.0,False,False,
2023-09-12,13.1,30.5,False,False,
2023-09-13,3.5,30.6,False,False,
2023-09-14,8.5,30.6,False,False,
2023-09-15,30.3,31.5,False,False,
2023-09-16,24.4,31.0,True,False,
2023-09-17,10.0,30.6,True,False,
2023-09-18,3.8,30.8,False,False,
2023-09-19,2.5,31.8,False,False,
2023-09-20,0.5,33.0,False,False,
2023-09-21,29.4,33.4,False,False,
2023-09-22,6.3,32.5,False,False,
2023-09-23,4.3,31.6,True,False,
2023-09-24,13.4,32.5,True,False,
2023-09-25,6.8,32.7,False,False,
2023-09-26,10.1,31.5,False,False,
2023-09-27,21.3,28.0,False,False,
2023-09-28,28.4,29.5,False,False,
2023-09-29,5.9,30.4,False,False,
2023-09-30,9.5,29.9,True,False,
2023-10-01,6.2,32.7,True,False,
2023-10-02,12.4,31.4,False,False,
2023-10-03,11.9,32.2,False,False,
2023-10-04,22.5,30.8,False,False,
2023-10-05,11.7,29.1,False,False,
2023-10-06,15.4,30.5,False,False,
2023-10-07,15.9,30.6,True,False,
2023-10-08,9.9,30.9,True,False,
2023-10-09,9.7,31.4,False,False,
2023-10-10,8.1,30.0,False,False,
2023-10-11,20.9,31.0,False,False,
2023-10-12,6.4,31.8,False,False,
2023-10-13,0.3,32.5,False,True,วันนวมินทรมหาราช
2023-10-14,7.0,32.5,True,False,
2023-10-15,2.9,31.9,True,False,
2023-10-16,0.2,31.7,False,False,
2023-10-17,0.2,32.5,False,False,
2023-10-18,0.7,31.6,False,False,
2023-10-19,0.7,32.1,False,False,
2023-10-20,0.3,32.5,False,False,
2023-10-21,25.1,30.7,True,False,
2023-10-22,11.5,29.5,True,False,
2023-10-23,0.0,32.1,False,True,วันปิยมหาราช
2023-10-24,8.9,31.7,False,False,
2023-10-25,6.8,31.0,False,False,
2023-10-26,6.2,30.9,False,False,
2023-10-27,2.0,30.8,False,False,
2023-10-28,5.0,31.6,True,False,
2023-10-29,4.1,31.4,True,False,
2023-10-30,10.3,30.3,False,False,
2023-10-31,3.6,30.0,False,False,
2023-11-01,0.0,31.0,False,False,
2023-11-02,1.6,30.5,False,False,
2023-11-03,0.0,32.8,False,False,
2023-11-04,1.6,32.3,True,False,
2023-11-05,11.7,32.0,True,False,
2023-11-06,2.4,32.5,False,False,
2023-11-07,11.8,32.0,False,False,
2023-11-08,0.3,32.2,False,False,
2023-11-09,5.7,30.9,False,False,
2023-11-10,3.7,31.4,False,False,
2023-11-11,2.4,31.0,True,False,
2023-11-12,2.0,31.5,True,False,
2023-11-13,7.6,31.6,False,False,
2023-11-14,1.4,31.6,False,False,
2023-11-15,1.3,31.0,False,False,
2023-11-16,8.8,30.9,False,False,
2023-11-17,0.2,28.8,False,False,
2023-11-18,0.0,27.5,True,False,
2023-11-19,0.0,27.4,True,False,
2023-11-20,0.0,28.6,False,False,
2023-11-21,0.0,29.6,False,False,
2023-11-22,0.0,30.8,False,False,
2023-11-23,0.0,31.2,False,False,
2023-11-24,0.0,31.1,False,False,
2023-11-25,0.0,30.8,True,False,
2023-11-26,0.7,31.3,True,False,
2023-11-27,0.0,31.0,False,False,
2023-11-28,0.0,29.7,False,False,
2023-11-29,0.0,31.1,False,False,
2023-11-30,0.0,32.3,False,False,
2023-12-01,4.5,31.9,False,False,
2023-12-02,2.9,31.9,True,False,
2023-12-03,1.1,32.5,True,False,
2023-12-04,0.3,32.0,False,False,
2023-12-05,9.0,31.8,False,True,วันคล้ายวันเฉลิมพระชนมพรรษาพระบาทสมเด็จพระบรมชนกาธิเบศร มหาภูมิพลอดุลยเดชมหาราช บรมนาถบพิตร; วันชาติ; วันพ่อแห่งชาติ
2023-12-06,8.6,33.7,False,False,
2023-12-07,2.8,31.5,False,False,
2023-12-08,0.0,31.4,False,False,
2023-12-09,0.0,32.1,True,False,
2023-12-10,0.0,33.2,True,True,วันรัฐธรรมนูญ
2023-12-11,0.5,32.3,False,True,ชดเชยวันรัฐธรรมนูญ
2023-12-12,0.1,34.1,False,False,
2023-12-13,1.4,31.9,False,False,
2023-12-14,0.3,32.6,False,False,
2023-12-15,0.0,33.5,False,False,
2023-12-16,0.2,33.5,True,False,
2023-12-17,0.7,33.0,True,False,
2023-12-18,0.2,32.2,False,False,
2023-12-19,0.0,33.0,False,False,
2023-12-20,0.0,33.2,False,False,
2023-12-21,0.0,30.9,False,False,
2023-12-22,0.0,27.5,False,False,
2023-12-23,0.0,27.0,True,False,
2023-12-24,0.0,25.4,True,False,
2023-12-25,0.0,26.5,False,False,
2023-12-26,0.4,27.9,False,False,
2023-12-27,0.0,30.5,False,False,
2023-12-28,0.0,32.0,False,False,
2023-12-29,0.0,31.7,False,True,วันหยุดพิเศษ (เพิ่มเติม)
2023-12-30,0.0,33.2,True,False,
2023-12-31,0.0,33.5,True,True,วันสิ้นปี
2024-01-01,0.0,33.3,False,True,วันขึ้นปีใหม่
2024-01-02,0.0,33.0,False,False,
2024-01-03,0.0,33.3,False,False,
2024-01-04,0.0,32.5,False,False,
2024-01-05,0.0,33.3,False,False,
2024-01-06,0.0,32.8,True,False,
2024-01-07,0.0,32.8,True,False,
2024-01-08,0.0,32.7,False,False,
2024-01-09,0.0,34.2,False,False,
2024-01-10,0.0,33.7,False,False,
2024-01-11,0.0,33.2,False,False,
2024-01-12,1.1,32.2,False,False,
2024-01-13,0.8,32.7,True,True,วันเด็กแห่งชาติ
2024-01-14,0.7,32.8,True,False,
2024-01-15,0.0,32.5,False,False,
2024-01-16,0.0,32.3,False,False,
2024-01-17,0.0,32.7,False,False,
2024-01-18,0.0,32.7,False,False,
2024-01-19,0.0,33.2,False,False,
2024-01-20,0.0,32.3,True,False,
2024-01-21,0.0,33.8,True,False,
2024-01-22,0.0,33.5,False,False,
2024-01-23,9.7,32.5,False,False,
2024-01-24,0.9,30.7,False,False,
2024-01-25,0.1,31.1,False,False,
2024-01-26,0.3,31.0,False,False,
2024-01-27,0.0,32.8,True,False,
2024-01-28,0.0,33.4,True,False,
2024-01-29,0.0,33.1,False,False,
2024-01-30,0.0,32.0,False,False,
2024-01-31,0.0,33.0,False,False,
2024-02-01,0.8,31.9,False,False,
2024-02-02,0.6,32.7,False,False,
2024-02-03,0.3,32.8,True,False,
2024-02-04,0.0,34.8,True,False,
2024-02-05,0.0,33.8,False,False,
2024-02-06,0.1,34.3,False,False,
2024-02-07,0.0,33.9,False,False,
2024-02-08,0.0,33.8,False,False,
2024-02-09,0.0,33.5,False,False,
2024-02-10,1.4,33.6,True,False,
2024-02-11,0.0,33.0,True,False,
2024-02-12,0.0,32.4,False,False,
2024-02-13,0.0,33.2,False,False,
2024-02-14,0.0,34.6,False,False,
2024-02-15,0.0,34.5,False,False,
2024-02-16,0.4,34.1,False,False,
2024-02-17,2.5,32.3,True,False,
2024-02-18,0.1,32.5,True,False,
2024-02-19,0.0,32.7,False,False,
2024-02-20,0.0,34.0,False,False,
2024-02-21,0.1,33.0,False,False,
2024-02-22,0.3,33.0,False,False,
2024-02-23,0.2,33.2,False,False,
2024-02-24,0.4,33.2,True,True,วันมาฆบูชา
2024-02-25,6.3,33.3,True,False,
2024-02-26,0.6,35.0,False,True,ชดเชยวันมาฆบูชา
2024-02-27,2.4,33.7,False,False,
2024-02-28,1.1,32.2,False,False,
2024-02-29,2.3,33.0,False,False,
2024-03-01,0.4,34.2,False,False,
2024-03-02,2.6,32.7,True,False,
2024-03-03,0.7,33.5,True,False,
2024-03-04,3.1,32.8,False,False,
2024-03-05,0.0,35.7,False,False,
2024-03-06,0.0,34.5,False,False,
2024-03-07,0.0,35.5,False,False,
2024-03-08,0.0,34.9,False,False,
2024-03-09,1.7,33.1,True,False,
2024-03-10,0.2,33.3,True,False,
2024-03-11,3.0,33.6,False,False,
2024-03-12,4.6,32.2,False,False,
2024-03-13,2.4,32.9,False,False,
2024-03-14,0.2,34.2,False,False,
2024-03-15,0.0,33.1,False,False,
2024-03-16,2.9,33.0,True,False,
2024-03-17,0.0,34.2,True,False,
2024-03-18,0.0,34.1,False,False,
2024-03-19,0.7,32.0,False,False,
2024-03-20,31.9,29.1,False,False,
2024-03-21,0.1,31.5,False,False,
2024-03-22,0.3,32.3,False,False,
2024-03-23,2.1,32.2,True,False,
2024-03-24,2.5,32.9,True,False,
2024-03-25,0.0,32.8,False,False,
2024-03-26,2.4,33.0,False,False,
2024-03-27,4.5,32.7,False,False,
2024-03-28,0.0,33.3,False,False,
2024-03-29,0.0,34.2,False,False,
2024-03-30,0.1,34.7,True,False,
2024-03-31,0.1,34.7,True,False,
2024-04-01,0.0,37.8,False,False,
2024-04-02,0.0,35.5,False,False,
2024-04-03,0.0,35.1,False,False,
2024-04-04,0.0,35.8,False,False,
2024-04-05,0.4,34.8,False,False,
2024-04-06,0.0,34.5,True,True,วันพระบาทสมเด็จพระพุทธยอดฟ้าจุฬาโลกมหาราช และวันที่ระลึกมหาจักรีบรมราชวงศ์
2024-04-07,0.0,35.3,True,False,
2024-04-08,0.0,36.4,False,True,ชดเชยวันพระบาทสมเด็จพระพุทธยอดฟ้าจุฬาโลกมหาราช และวันที่ระลึกมหาจักรีบรมราชวงศ์
2024-04-09,0.0,36.5,False,False,
2024-04-10,0.5,36.5,False,False,
2024-04-11,0.9,37.0,False,False,
2024-04-12,0.6,34.7,False,True,วันหยุดพิเศษ (เพิ่มเติม)
2024-04-13,1.2,35.8,True,True,วันสงกรานต์
2024-04-14,0.1,35.0,True,True,วันสงกรานต์
2024-04-15,0.0,35.2,False,True,วันสงกรานต์
2024-04-16,0.0,34.8,False,True,ชดเชยวันสงกรานต์
2024-04-17,0.0,35.7,False,False,
2024-04-18,0.8,36.5,False,False,
2024-04-19,0.0,36.8,False,False,
2024-04-20,0.0,37.4,True,False,
2024-04-21,0.0,39.0,True,False,
2024-04-22,0.0,36.9,False,False,
2024-04-23,0.0,36.0,False,False,
2024-04-24,0.8,35.4,False,False,
2024-04-25,0.0,36.2,False,False,
2024-04-26,0.0,35.9,False,False,
2024-04-27,0.0,36.7,True,False,
2024-04-28,0.0,37.2,True,False,
2024-04-29,0.0,36.8,False,False,
2024-04-30,0.0,38.2,False,False,
2024-05-01,0.0,37.5,False,True,วันแรงงานแห่งชาติ
2024-05-02,0.0,37.0,False,False,
2024-05-03,0.0,37.7,False,False,
2024-05-04,3.7,37.7,True,True,วันฉัตรมงคล
2024-05-05,0.3,37.7,True,False,
2024-05-06,1.8,35.6,False,True,ชดเชยวันฉัตรมงคล
2024-05-07,19.4,30.8,False,False,
2024-05-08,0.5,35.2,False,False,
2024-05-09,32.3,33.5,False,False,
2024-05-10,0.4,35.1,False,False,
2024-05-11,8.0,32.0,True,False,
2024-05-12,0.8,35.8,True,False,
2024-05-13,25.3,34.0,False,False,
2024-05-14,0.0,33.8,False,False,
2024-05-15,1.1,35.0,False,False,
2024-05-16,1.5,34.4,False,False,
2024-05-17,4.8,33.0,False,False,
2024-05-18,1.5,33.2,True,False,
2024-05-19,20.0,32.5,True,False,
2024-05-20,4.8,33.2,False,False,
2024-05-21,56.8,32.9,False,False,
2024-05-22,7.8,31.2,False,True,วันวิสาขบูชา
2024-05-23,9.8,30.4,False,False,
2024-05-24,10.1,30.5,False,False,
2024-05-25,4.2,32.2,True,False,
2024-05-26,2.1,32.3,True,False,
2024-05-27,0.3,33.8,False,False,
2024-05-28,0.2,34.2,False,False,
2024-05-29,11.0,34.0,False,False,
2024-05-30,26.2,33.8,False,False,
2024-05-31,15.0,32.3,False,False,
2024-06-01,10.3,30.2,True,False,
2024-06-02,1.1,33.2,True,False,
2024-06-03,0.2,32.7,False,True,วันเฉลิมพระชนมพรรษาสมเด็จพระนางเจ้าสุทิดา พัชรสุธาพิมลลักษณ พระบรมราชินี
2024-06-04,4.6,33.5,False,False,
2024-06-05,5.8,33.7,False,False,
2024-06-06,2.1,32.5,False,False,
2024-06-07,11.3,32.2,False,False,
2024-06-08,1.4,33.0,True,False,
2024-06-09,8.8,33.2,True,False,
2024-06-10,3.1,31.2,False,False,
2024-06-11,4.8,31.5,False,False,
2024-06-12,1.8,32.2,False,False,
2024-06-13,1.0,33.4,False,False,
2024-06-14,1.5,33.8,False,False,
2024-06-15,0.2,34.2,True,False,
2024-06-16,3.0,35.2,True,False,
2024-06-17,2.9,32.3,False,False,
2024-06-18,0.2,33.5,False,False,
2024-06-19,4.6,33.5,False,False,
2024-06-20,3.3,34.3,False,False,
2024-06-21,8.0,33.5,False,False,
2024-06-22,16.5,32.8,True,False,
2024-06-23,5.5,31.9,True,False,
2024-06-24,6.6,31.0,False,False,
2024-06-25,25.3,31.5,False,False,
2024-06-26,15.3,30.8,False,False,
2024-06-27,1.6,31.0,False,False,
2024-06-28,5.8,32.7,False,False,
2024-06-29,12.5,30.8,True,False,
2024-06-30,9.7,31.5,True,False,
2024-07-01,1.3,30.8,False,False,
2024-07-02,10.0,32.6,False,False,
2024-07-03,4.0,32.1,False,False,
2024-07-04,7.6,29.6,False,False,
2024-07-05,15.7,30.7,False,False,
2024-07-06,7.1,31.9,True,False,
2024-07-07,1.3,32.9,True,False,
2024-07-08,2.0,31.6,False,False,
2024-07-09,8.7,31.8,False,False,
2024-07-10,34.0,30.0,False,False,
2024-07-11,7.6,30.0,False,False,
2024-07-12,9.4,30.6,False,False,
2024-07-13,8.3,31.6,True,False,
2024-07-14,17.3,31.6,True,False,
2024-07-15,10.9,29.5,False,False,
2024-07-16,23.8,30.1,False,False,
2024-07-17,23.1,31.5,False,False,
2024-07-18,5.9,30.9,False,False,
2024-07-19,4.6,30.5,False,False,
2024-07-20,6.3,29.5,True,True,วันอาสาฬหบูชา
2024-07-21,27.6,31.0,True,True,วันเข้าพรรษา
2024-07-22,5.2,31.3,False,True,ชดเชยวันอาสาฬหบูชา
2024-07-23,9.5,32.2,False,False,
2024-07-24,1.8,29.6,False,False,
2024-07-25,5.1,29.1,False,False,
2024-07-26,7.4,28.9,False,False,
2024-07-27,17.7,31.3,True,False,
2024-07-28,18.6,29.0,True,True,วันเฉลิมพระชนมพรรษาพระบาทสมเด็จพระปรเมนทรรามาธิบดีศรีสินทรมหาวชิราลงกรณ พระวชิรเกล้าเจ้าอยู่หัว
2024-07-29,26.4,31.0,False,True,ชดเชยวันเฉลิมพระชนมพรรษาพระบาทสมเด็จพระปรเมนทรรามาธิบดีศรีสินทรมหาวชิราลงกรณ พระวชิรเกล้าเจ้าอยู่หัว
2024-07-30,1.8,30.4,False,False,
2024-07-31,1.9,29.9,False,False,
2024-08-01,7.4,29.9,False,False,
2024-08-02,6.8,30.4,False,False,
2024-08-03,6.6,31.4,True,False,
2024-08-04,8.7,30.9,True,False,
2024-08-05,6.8,30.9,False,False,
2024-08-06,8.6,31.9,False,False,
2024-08-07,4.6,31.1,False,False,
2024-08-08,0.0,31.5,False,False,
2024-08-09,0.5,33.6,False,False,
2024-08-10,4.6,33.7,True,False,
2024-08-11,6.2,34.4,True,False,
2024-08-12,16.7,32.0,False,True,วันเฉลิมพระชนมพรรษาสมเด็จพระบรมราชชนนีพันปีหลวง; วันแม่แห่งชาติ
2024-08-13,1.1,32.1,False,False,
2024-08-14,8.0,33.2,False,False,
2024-08-15,1.5,33.1,False,False,
2024-08-16,4.6,33.8,False,False,
2024-08-17,1.1,31.6,True,False,
2024-08-18,0.7,32.8,True,False,
2024-08-19,4.0,33.4,False,False,
2024-08-20,6.3,32.7,False,False,
2024-08-21,3.1,32.8,False,False,
2024-08-22,0.8,33.2,False,False,
2024-08-23,0.2,34.1,False,False,
2024-08-24,5.9,33.4,True,False,
2024-08-25,7.9,31.9,True,False,
2024-08-26,2.4,33.6,False,False,
2024-08-27,0.2,32.7,False,False,
2024-08-28,16.3,30.6,False,False,
2024-08-29,16.3,30.2,False,False,
2024-08-30,4.4,31.9,False,False,
2024-08-31,0.2,31.5,True,False,
2024-09-01,18.1,32.3,True,False,
2024-09-02,23.0,31.0,False,False,
2024-09-03,11.2,30.2,False,False,
2024-09-04,13.5,30.5,False,False,
2024-09-05,8.4,32.1,False,False,
2024-09-06,17.8,31.9,False,False,
2024-09-07,0.8,32.0,True,False,
2024-09-08,1.6,32.3,True,False,
2024-09-09,4.1,31.0,False,False,
2024-09-10,6.4,32.0,False,False,
2024-09-11,6.6,30.7,False,False,
2024-09-12,13.7,32.3,False,False,
2024-09-13,6.1,31.4,False,False,
2024-09-14,18.0,31.8,True,False,
2024-09-15,17.4,31.7,True,False,
2024-09-16,13.2,32.9,False,False,
2024-09-17,3.9,32.9,False,False,
2024-09-18,19.5,31.6,False,False,
2024-09-19,5.4,31.5,False,False,
2024-09-20,15.3,31.9,False,False,
2024-09-21,10.7,30.9,True,False,
2024-09-22,11.4,30.1,True,False,
2024-09-23,3.6,31.0,False,False,
2024-09-24,4.7,28.9,False,False,
2024-09-25,6.7,30.6,False,False,
2024-09-26,9.2,31.5,False,False,
2024-09-27,5.6,31.8,False,False,
2024-09-28,1.6,31.5,True,False,
2024-09-29,2.2,31.8,True,False,
2024-09-30,14.2,33.3,False,False,
2024-10-01,7.8,31.3,False,False,
2024-10-02,3.1,31.0,False,False,
2024-10-03,23.6,30.2,False,False,
2024-10-04,40.6,31.0,False,False,
2024-10-05,0.1,31.8,True,False,
2024-10-06,0.0,32.3,True,False,
2024-10-07,0.5,31.9,False,False,
2024-10-08,1.3,32.1,False,False,
2024-10-09,7.7,31.1,False,False,
2024-10-10,15.9,31.7,False,False,
2024-10-11,0.0,32.2,False,False,
2024-10-12,1.1,32.2,True,False,
2024-10-13,2.5,32.0,True,True,วันนวมินทรมหาราช
2024-10-14,3.1,32.1,False,True,ชดเชยวันนวมินทรมหาราช
2024-10-15,0.0,32.8,False,False,
2024-10-16,3.1,32.2,False,False,
2024-10-17,0.9,32.4,False,False,
2024-10-18,8.7,31.3,False,False,
2024-10-19,32.2,30.0,True,False,
2024-10-20,16.4,29.6,True,False,
2024-10-21,2.4,31.2,False,False,
2024-10-22,7.3,31.8,False,False,
2024-10-23,5.1,31.0,False,True,วันปิยมหาราช
2024-10-24,0.0,32.3,False,False,
2024-10-25,0.6,31.7,False,False,
2024-10-26,0.1,33.2,True,False,
2024-10-27,9.3,33.4,True,False,
2024-10-28,14.3,30.5,False,False,
2024-10-29,5.7,31.9,False,False,
2024-10-30,3.9,31.1,False,False,
2024-10-31,1.7,31.9,False,False,
2024-11-01,12.5,32.2,False,False,
2024-11-02,0.8,32.0,True,False,
2024-11-03,0.0,31.5,True,False,
2024-11-04,0.3,31.4,False,False,
2024-11-05,2.6,30.1,False,False,
2024-11-06,1.1,29.5,False,False,
2024-11-07,0.6,31.0,False,False,
2024-11-08,0.6,31.7,False,False,
2024-11-09,0.0,31.2,True,False,
2024-11-10,0.0,31.9,True,False,
2024-11-11,0.0,32.5,False,False,
2024-11-12,0.0,32.5,False,False,
2024-11-13,0.0,35.8,False,False,
2024-11-14,8.5,34.8,False,False,
2024-11-15,10.8,32.8,False,False,
2024-11-16,0.8,34.8,True,False,
2024-11-17,25.6,34.3,True,False,
2024-11-18,0.2,32.7,False,False,
2024-11-19,0.0,33.3,False,False,
2024-11-20,0.0,33.5,False,False,
2024-11-21,0.2,34.2,False,False,
2024-11-22,0.1,33.6,False,False,
2024-11-23,0.1,33.7,True,False,
2024-11-24,0.4,33.5,True,False,
2024-11-25,0.4,33.5,False,False,
2024-11-26,0.0,33.5,False,False,
2024-11-27,0.8,33.0,False,False,
2024-11-28,0.0,32.7,False,False,
2024-11-29,0.0,31.5,False,False,
2024-11-30,0.0,31.6,True,False,
2024-12-01,0.0,33.2,True,False,
2024-12-02,0.0,34.7,False,False,
2024-12-03,0.0,35.9,False,False,
2024-12-04,0.0,35.6,False,False,
2024-12-05,0.0,35.3,False,True,วันคล้ายวันเฉลิมพระชนมพรรษาพระบาทสมเด็จพระบรมชนกาธิเบศร มหาภูมิพลอดุลยเดชมหาราช บรมนาถบพิตร; วันชาติ; วันพ่อแห่งชาติ
2024-12-06,0.0,35.3,False,False,
2024-12-07,1.7,34.8,True,False,
2024-12-08,0.9,34.0,True,False,
2024-12-09,0.0,33.9,False,False,
2024-12-10,0.0,34.8,False,True,วันรัฐธรรมนูญ
2024-12-11,0.0,34.7,False,False,
2024-12-12,0.5,34.5,False,False,
2024-12-13,5.8,30.5,False,False,
2024-12-14,0.0,31.6,True,False,
2024-12-15,0.0,29.8,True,False,
2024-12-16,0.0,31.9,False,False,
2024-12-17,0.0,32.0,False,False,
2024-12-18,0.0,32.9,False,False,
2024-12-19,0.0,32.2,False,False,
2024-12-20,0.0,31.4,False,False,
2024-12-21,0.0,32.2,True,False,
2024-12-22,0.0,30.9,True,False,
2024-12-23,0.0,30.5,False,False,
2024-12-24,0.0,34.2,False,False,
2024-12-25,0.0,33.2,False,False,
2024-12-26,0.0,33.0,False,False,
2024-12-27,0.6,34.7,False,False,
2024-12-28,0.0,32.6,True,False,
2024-12-29,0.0,32.2,True,False,
2024-12-30,0.0,32.4,False,True,วันหยุดพิเศษ (เพิ่มเติม)
2024-12-31,0.0,32.3,False,True,วันสิ้นปี
2025-01-01,0.0,33.5,False,True,วันขึ้นปีใหม่
2025-01-02,0.0,33.7,False,False,
2025-01-03,0.0,33.5,False,False,
2025-01-04,0.0,33.8,True,False,
2025-01-05,0.0,32.5,True,False,
2025-01-06,0.0,32.5,False,False,
2025-01-07,0.0,33.2,False,False,
2025-01-08,0.0,34.1,False,False,
2025-01-09,0.0,33.9,False,False,
2025-01-10,0.0,31.0,False,False,
2025-01-11,0.0,30.1,True,True,วันเด็กแห่งชาติ
2025-01-12,0.0,29.0,True,False,
2025-01-13,0.0,29.4,False,False,
2025-01-14,0.0,31.5,False,False,
2025-01-15,0.0,34.5,False,False,
2025-01-16,0.0,32.9,False,False,
2025-01-17,0.0,32.2,False,False,
2025-01-18,0.0,33.8,True,False,
2025-01-19,0.0,33.5,True,False,
2025-01-20,0.0,34.2,False,False,
2025-01-21,0.0,34.2,False,False,
2025-01-22,0.0,34.7,False,False,
2025-01-23,0.0,35.2,False,False,
2025-01-24,0.0,36.0,False,False,
2025-01-25,0.0,35.8,True,False,
2025-01-26,0.0,36.3,True,False,
2025-01-27,0.2,29.4,False,False,
2025-01-28,0.0,30.7,False,False,
2025-01-29,0.0,30.8,False,False,
2025-01-30,0.0,33.2,False,False,
2025-01-31,0.0,34.8,False,False,
2025-02-01,0.0,35.7,True,False,
2025-02-02,0.0,35.7,True,False,
2025-02-03,0.0,35.2,False,False,
2025-02-04,1.0,34.0,False,False,
2025-02-05,0.0,35.0,False,False,
2025-02-06,0.0,33.9,False,False,
2025-02-07,0.1,32.9,False,False,
2025-02-08,0.0,34.5,True,False,
2025-02-09,0.0,32.5,True,False,
2025-02-10,0.0,33.8,False,False,
2025-02-11,0.0,36.0,False,False,
2025-02-12,0.0,37.4,False,True,วันมาฆบูชา
2025-02-13,0.0,36.8,False,False,
2025-02-14,0.0,35.0,False,False,
2025-02-15,0.0,37.0,True,False,
2025-02-16,0.0,37.2,True,False,
2025-02-17,3.1,32.1,False,False,
2025-02-18,4.9,31.9,False,False,
2025-02-19,20.7,32.3,False,False,
2025-02-20,4.2,32.3,False,False,
2025-02-21,2.0,32.4,False,False,
2025-02-22,3.8,34.8,True,False,
2025-02-23,1.6,35.9,True,False,
2025-02-24,14.7,27.9,False,False,
2025-02-25,1.5,28.9,False,False,
2025-02-26,0.0,32.7,False,False,
2025-02-27,0.1,35.0,False,False,
2025-02-28,1.2,36.2,False,False,
2025-03-01,0.1,34.5,True,False,
2025-03-02,0.0,35.6,True,False,
2025-03-03,0.0,34.5,False,False,
2025-03-04,0.0,34.7,False,False,
2025-03-05,0.0,35.6,False,False,
2025-03-06,0.0,35.0,False,False,
2025-03-07,6.5,33.7,False,False,
2025-03-08,0.7,32.8,True,False,
2025-03-09,0.0,34.3,True,False,
2025-03-10,0.0,36.7,False,False,
2025-03-11,2.3,37.0,False,False,
2025-03-12,0.5,35.3,False,False,
2025-03-13,7.3,34.7,False,False,
2025-03-14,0.6,35.2,False,False,
2025-03-15,0.1,35.4,True,False,
2025-03-16,0.3,36.7,True,False,
2025-03-17,4.3,34.8,False,False,
2025-03-18,1.4,34.8,False,False,
2025-03-19,0.0,34.7,False,False,
2025-03-20,0.0,33.8,False,False,
2025-03-21,0.0,33.6,False,False,
2025-03-22,0.0,36.2,True,False,
2025-03-23,0.0,37.8,True,False,
2025-03-24,0.8,37.0,False,False,
2025-03-25,0.0,36.7,False,False,
2025-03-26,2.9,36.4,False,False,
2025-03-27,0.2,36.0,False,False,
2025-03-28,0.5,38.5,False,False,
2025-03-29,0.3,36.8,True,False,
2025-03-30,9.0,34.7,True,False,
2025-03-31,23.8,31.5,False,False,
2025-04-01,1.4,32.1,False,False,
2025-04-02,0.9,33.0,False,False,
2025-04-03,1.6,34.8,False,False,
2025-04-04,0.6,33.5,False,False,
2025-04-05,0.4,34.1,True,False,
2025-04-06,0.0,35.4,True,True,วันพระบาทสมเด็จพระพุทธยอดฟ้าจุฬาโลกมหาราช และวันที่ระลึกมหาจักรีบรมราชวงศ์
2025-04-07,2.0,34.2,False,True,ชดเชยวันพระบาทสมเด็จพระพุทธยอดฟ้าจุฬาโลกมหาราช และวันที่ระลึกมหาจักรีบรมราชวงศ์
2025-04-08,2.0,34.0,False,False,
2025-04-09,0.1,33.5,False,False,
2025-04-10,3.6,31.3,False,False,
2025-04-11,5.7,33.2,False,False,
2025-04-12,0.0,34.6,True,False,
2025-04-13,3.6,36.4,True,True,วันสงกรานต์
2025-04-14,10.1,32.2,False,True,วันสงกรานต์
2025-04-15,6.1,36.0,False,True,วันสงกรานต์
2025-04-16,13.9,30.5,False,True,ชดเชยวันสงกรานต์
2025-04-17,3.0,34.3,False,False,
2025-04-18,5.7,34.7,False,False,
2025-04-19,4.0,35.7,True,False,
2025-04-20,0.2,35.9,True,False,
2025-04-21,0.0,36.5,False,False,
2025-04-22,0.0,36.3,False,False,
2025-04-23,0.7,37.8,False,False,
2025-04-24,0.0,35.9,False,False,
2025-04-25,0.1,38.7,False,False,
2025-04-26,2.4,35.5,True,False,
2025-04-27,9.0,32.7,True,False,
2025-04-28,0.8,35.2,False,False,
2025-04-29,1.6,34.4,False,False,
2025-04-30,8.2,38.0,False,False,
2025-05-01,25.1,33.7,False,True,วันแรงงานแห่งชาติ
2025-05-02,7.2,34.0,False,False,
2025-05-03,1.2,31.5,True,False,
2025-05-04,2.0,33.1,True,True,วันฉัตรมงคล
2025-05-05,0.1,33.2,False,True,ชดเชยวันฉัตรมงคล
2025-05-06,6.7,31.9,False,False,
2025-05-07,2.9,32.3,False,False,
2025-05-08,3.4,35.3,False,False,
2025-05-09,4.9,35.0,False,False,
2025-05-10,31.0,35.8,True,False,
2025-05-11,4.6,31.6,True,True,วันวิสาขบูชา
2025-05-12,13.3,31.9,False,True,ชดเชยวันวิสาขบูชา
2025-05-13,6.0,30.4,False,False,
2025-05-14,21.5,30.6,False,False,
2025-05-15,11.1,30.8,False,False,
2025-05-16,10.2,31.9,False,False,
2025-05-17,23.1,31.5,True,False,
2025-05-18,0.0,32.7,True,False,
2025-05-19,1.9,31.9,False,False,
2025-05-20,0.6,32.3,False,False,
2025-05-21,7.0,31.0,False,False,
2025-05-22,3.2,32.7,False,False,
2025-05-23,3.7,34.3,False,False,
2025-05-24,4.2,32.8,True,False,
2025-05-25,14.0,31.4,True,False,
2025-05-26,15.5,30.2,False,False,
2025-05-27,2.1,29.8,False,False,
2025-05-28,2.6,32.2,False,False,
2025-05-29,4.0,31.4,False,False,
2025-05-30,15.6,31.0,False,False,
2025-05-31,8.3,30.8,True,False,
2025-06-01,16.4,31.9,True,False,
2025-06-02,8.0,31.7,False,True,วันหยุดพิเศษ (เพิ่มเติม)
2025-06-03,0.5,31.2,False,True,วันเฉลิมพระชนมพรรษาสมเด็จพระนางเจ้าสุทิดา พัชรสุธาพิมลลักษณ พระบรมราชินี
2025-06-04,6.4,33.8,False,False,
2025-06-05,3.6,34.2,False,False,
2025-06-06,0.1,34.0,False,False,
2025-06-07,8.4,34.3,True,False,
2025-06-08,0.7,32.7,True,False,
2025-06-09,2.4,32.6,False,False,
2025-06-10,0.7,32.8,False,False,
2025-06-11,0.9,33.0,False,False,
2025-06-12,7.0,33.1,False,False,
2025-06-13,5.0,30.0,False,False,
2025-06-14,12.8,30.8,True,False,
2025-06-15,1.9,31.1,True,False,
2025-06-16,1.4,32.6,False,False,
2025-06-17,4.8,33.2,False,False,
2025-06-18,2.8,33.5,False,False,
2025-06-19,6.5,32.5,False,False,
2025-06-20,9.0,31.6,False,False,
2025-06-21,15.4,33.0,True,False,
2025-06-22,7.7,32.3,True,False,
2025-06-23,8.6,32.5,False,False,
2025-06-24,1.7,30.9,False,False,
2025-06-25,5.6,32.0,False,False,
2025-06-26,5.2,32.5,False,False,
2025-06-27,11.6,31.5,False,False,
2025-06-28,6.7,29.5,True,False,
2025-06-29,16.6,30.4,True,False,
2025-06-30,6.1,29.7,False,False,
2025-07-01,17.7,31.1,False,False,
2025-07-02,7.9,28.2,False,False,
2025-07-03,16.9,30.6,False,False,
2025-07-04,15.0,31.5,False,False,
2025-07-05,4.8,32.4,True,False,
2025-07-06,3.2,31.4,True,False,
2025-07-07,4.7,30.6,False,False,
2025-07-08,11.1,29.9,False,False,
2025-07-09,4.4,30.6,False,False,
2025-07-10,1.2,31.9,False,True,วันอาสาฬหบูชา
2025-07-11,3.0,30.9,False,True,วันเข้าพรรษา
2025-07-12,11.1,32.7,True,False,
2025-07-13,16.7,32.9,True,False,
2025-07-14,1.8,31.9,False,False,
2025-07-15,7.5,31.8,False,False,
2025-07-16,3.5,30.8,False,False,
2025-07-17,8.1,31.1,False,False,
2025-07-18,2.5,30.1,False,False,
2025-07-19,10.5,31.5,True,False,
2025-07-20,8.2,30.8,True,False,
2025-07-21,4.4,29.6,False,False,
2025-07-22,6.9,29.3,False,False,
2025-07-23,3.3,30.1,False,False,
2025-07-24,0.1,31.5,False,False,
2025-07-25,1.3,32.4,False,False,
2025-07-26,2.4,32.2,True,False,
2025-07-27,3.5,30.2,True,False,
2025-07-28,16.8,29.6,False,True,วันเฉลิมพระชนมพรรษาพระบาทสมเด็จพระปรเมนทรรามาธิบดีศรีสินทรมหาวชิราลงกรณ พระวชิรเกล้าเจ้าอยู่หัว
2025-07-29,9.9,30.8,False,False,
2025-07-30,5.7,32.2,False,False,
2025-07-31,2.9,32.7,False,False,
2025-08-01,0.8,33.2,False,False,
2025-08-02,0.0,33.4,True,False,
2025-08-03,0.0,34.2,True,False,
2025-08-04,0.0,35.2,False,False,
2025-08-05,0.2,35.2,False,False,
2025-08-06,9.4,35.5,False,False,
2025-08-07,0.5,33.2,False,False,
2025-08-08,2.8,32.2,False,False,
2025-08-09,1.7,34.7,True,False,
2025-08-10,0.6,34.0,True,False,
2025-08-11,10.3,31.0,False,True,วันหยุดพิเศษ (เพิ่มเติม)
2025-08-12,1.3,31.9,False,True,วันเฉลิมพระชนมพรรษาสมเด็จพระบรมราชชนนีพันปีหลวง; วันแม่แห่งชาติ
2025-08-13,5.0,31.6,False,False,
2025-08-14,3.1,33.2,False,False,
2025-08-15,13.5,31.8,False,False,
2025-08-16,6.6,29.2,True,False,
2025-08-17,3.5,28.8,True,False,
2025-08-18,5.2,32.2,False,False,
2025-08-19,7.4,29.9,False,False,
2025-08-20,1.0,33.2,False,False,
2025-08-21,12.9,33.5,False,False,
2025-08-22,13.6,30.0,False,False,
2025-08-23,24.3,31.2,True,False,
2025-08-24,13.3,31.0,True,False,
2025-08-25,11.9,30.8,False,False,
2025-08-26,15.7,30.1,False,False,
2025-08-27,2.9,30.1,False,False,
2025-08-28,1.6,31.5,False,False,
2025-08-29,0.0,33.1,False,False,
2025-08-30,1.0,33.3,True,False,
2025-08-31,13.7,30.7,True,False,
2025-09-01,4.8,31.1,False,False,
2025-09-02,4.0,30.7,False,False,
2025-09-03,5.2,30.9,False,False,
2025-09-04,8.2,30.5,False,False,
2025-09-05,7.5,32.3,False,False,
2025-09-06,12.9,31.5,True,False,
2025-09-07,21.7,31.0,True,False,
2025-09-08,27.8,29.2,False,False,
2025-09-09,16.2,29.7,False,False,
2025-09-10,4.0,28.6,False,False,
2025-09-11,1.3,31.4,False,False,
2025-09-12,10.1,32.0,False,False,
2025-09-13,1.6,33.2,True,False,
2025-09-14,2.8,30.2,True,False,
2025-09-15,1.9,31.0,False,False,
2025-09-16,4.1,31.5,False,False,
2025-09-17,13.5,31.9,False,False,
2025-09-18,7.5,31.8,False,False,
2025-09-19,7.8,29.6,False,False,
2025-09-20,4.4,30.5,True,False,
2025-09-21,17.2,30.9,True,False,
2025-09-22,1.9,31.7,False,False,
2025-09-23,3.3,30.6,False,False,
2025-09-24,4.2,30.0,False,False,
2025-09-25,6.0,30.9,False,False,
2025-09-26,10.4,29.9,False,False,
2025-09-27,25.6,29.9,True,False,
2025-09-28,0.7,31.8,True,False,
2025-09-29,9.2,31.8,False,False,
2025-09-30,17.6,29.2,False,False,
2025-10-01,1.6,31.1,False,False,
2025-10-02,0.8,32.8,False,False,
2025-10-03,2.7,32.1,False,False,
2025-10-04,22.5,30.5,True,False,
2025-10-05,0.1,30.9,True,False,
2025-10-06,2.7,32.8,False,False,
2025-10-07,11.6,32.2,False,False,
2025-10-08,14.8,31.7,False,False,
2025-10-09,1.1,31.3,False,False,
2025-10-10,6.0,32.5,False,False,
2025-10-11,11.4,31.4,True,False,
2025-10-12,8.0,32.2,True,False,
2025-10-13,18.3,31.9,False,True,วันนวมินทรมหาราช
2025-10-14,27.3,29.1,False,False,
2025-10-15,6.7,30.9,False,False,
2025-10-16,1.2,32.5,False,False,
2025-10-17,2.1,32.8,False,False,
2025-10-18,6.0,33.2,True,False,
2025-10-19,4.2,32.3,True,False,
2025-10-20,5.7,32.5,False,False,
2025-10-21,6.3,32.7,False,False,
2025-10-22,0.3,31.1,False,False,
2025-10-23,0.0,30.6,False,True,วันปิยมหาราช
2025-10-24,0.2,31.4,False,False,
2025-10-25,0.9,32.0,True,False,
2025-10-26,0.1,32.8,True,False,
2025-10-27,0.2,31.5,False,False,
2025-10-28,0.9,30.4,False,False,
2025-10-29,2.2,31.9,False,False,
2025-10-30,8.1,29.9,False,False,
2025-10-31,15.6,31.9,False,False,
2025-11-01,40.7,29.1,True,False,
2025-11-02,35.7,30.4,True,False,
2025-11-03,11.1,29.6,False,False,
2025-11-04,3.1,29.5,False,False,
2025-11-05,0.3,29.2,False,False,
2025-11-06,1.3,30.9,False,False,
2025-11-07,0.1,30.0,False,False,
2025-11-08,7.3,30.0,True,False,
2025-11-09,0.6,32.8,True,False,
2025-11-10,10.6,31.1,False,False,
2025-11-11,0.4,34.1,False,False,
2025-11-12,4.4,33.8,False,False,
2025-11-13,22.6,30.8,False,False,
2025-11-14,2.2,31.4,False,False,
2025-11-15,0.0,29.6,True,False,
2025-11-16,0.0,30.5,True,False,
2025-11-17,6.1,30.1,False,False,
2025-11-18,15.7,30.0,False,False,
2025-11-19,0.2,28.0,False,False,
2025-11-20,0.0,25.6,False,False,
2025-11-21,0.0,25.8,False,False,
2025-11-22,0.0,29.4,True,False,
2025-11-23,0.0,30.5,True,False,
2025-11-24,0.0,31.2,False,False,
2025-11-25,0.0,29.8,False,False,
2025-11-26,0.0,30.2,False,False,
2025-11-27,0.0,29.1,False,False,
2025-11-28,0.0,28.1,False,False,
2025-11-29,0.0,29.9,True,False,
2025-11-30,0.0,31.5,True,False,
2025-12-01,0.0,33.2,False,False,
2025-12-02,0.0,34.7,False,False,
2025-12-03,0.1,35.1,False,False,
2025-12-04,0.3,32.9,False,False,
2025-12-05,5.6,31.2,False,True,วันคล้ายวันเฉลิมพระชนมพรรษาพระบาทสมเด็จพระบรมชนกาธิเบศร มหาภูมิพลอดุลยเดชมหาราช บรมนาถบพิตร; วันชาติ; วันพ่อแห่งชาติ
2025-12-06,0.0,30.2,True,False,
2025-12-07,0.0,31.4,True,False,
2025-12-08,0.0,29.8,False,False,
2025-12-09,0.0,29.8,False,False,
2025-12-10,0.0,31.6,False,True,วันรัฐธรรมนูญ
2025-12-11,0.3,26.8,False,False,
2025-12-12,0.1,28.9,False,False,
2025-12-13,2.4,31.8,True,False,
2025-12-14,0.1,31.5,True,False,
2025-12-15,0.0,32.1,False,False,
2025-12-16,0.0,33.7,False,False,
2025-12-17,0.0,33.1,False,False,
2025-12-18,0.2,31.6,False,False,
2025-12-19,0.0,32.8,False,False,
2025-12-20,0.0,34.0,True,False,
2025-12-21,0.0,32.9,True,False,
2025-12-22,0.0,33.7,False,False,
2025-12-23,0.1,33.3,False,False,
2025-12-24,0.0,33.8,False,False,
2025-12-25,0.0,34.8,False,False,
2025-12-26,0.0,32.0,False,False,
2025-12-27,0.0,32.5,True,False,
2025-12-28,0.0,33.0,True,False,
2025-12-29,0.0,33.3,False,False,
2025-12-30,0.0,34.0,False,False,
2025-12-31,0.0,33.5,False,True,วันสิ้นปี
2026-01-01,0.0,34.0,False,True,วันขึ้นปีใหม่
2026-01-02,0.0,32.5,False,True,วันหยุดพิเศษ (เพิ่มเติม)
2026-01-03,0.0,31.3,True,False,
2026-01-04,0.0,30.5,True,False,
2026-01-05,0.0,32.5,False,False,
2026-01-06,0.0,31.6,False,False,
2026-01-07,0.0,30.5,False,False,
2026-01-08,0.0,29.8,False,False,
2026-01-09,0.0,29.5,False,False,
2026-01-10,0.0,29.9,True,True,วันเด็กแห่งชาติ
2026-01-11,0.0,29.2,True,False,
2026-01-12,0.0,31.1,False,False,
2026-01-13,0.0,33.0,False,False,
2026-01-14,0.0,32.8,False,False,
2026-01-15,0.0,32.6,False,False,
2026-01-16,0.1,33.0,False,False,
2026-01-17,1.0,32.5,True,False,
2026-01-18,0.7,33.0,True,False,
2026-01-19,0.0,35.0,False,False,
2026-01-20,0.3,33.0,False,False,
2026-01-21,7.0,31.1,False,False,
2026-01-22,5.1,32.5,False,False,
2026-01-23,0.0,31.5,False,False,
2026-01-24,0.0,31.5,True,False,
2026-01-25,0.0,32.5,True,False,
2026-01-26,0.0,32.9,False,False,
2026-01-27,0.0,33.2,False,False,
2026-01-28,0.0,33.2,False,False,
2026-01-29,0.0,33.9,False,False,
2026-01-30,0.0,34.7,False,False,
2026-01-31,0.2,35.0,True,False,
2026-02-01,1.5,33.0,True,False,
2026-02-02,0.0,32.3,False,False,
2026-02-03,0.0,33.0,False,False,
2026-02-04,0.0,34.3,False,False,
2026-02-05,0.0,35.7,False,False,
2026-02-06,1.0,34.6,False,False,
2026-02-07,0.2,34.0,True,False,
2026-02-08,4.8,32.9,True,False,
2026-02-09,7.0,32.4,False,False,
2026-02-10,0.0,34.7,False,False,
2026-02-11,0.0,35.7,False,False,
2026-02-12,0.4,35.0,False,False,
2026-02-13,0.4,33.3,False,False,
2026-02-14,0.1,34.0,True,False,
2026-02-15,1.1,34.7,True,False,
2026-02-16,0.3,35.5,False,False,
2026-02-17,2.3,33.5,False,False,
2026-02-18,5.0,32.9,False,False,
2026-02-19,0.0,33.9,False,False,
2026-02-20,0.0,33.2,False,False,
2026-02-21,0.3,35.0,True,False,
2026-02-22,4.3,36.0,True,False,
2026-02-23,0.1,32.8,False,False,
2026-02-24,1.0,32.3,False,False,
2026-02-25,1.4,33.0,False,False,
2026-02-26,1.3,34.4,False,False,
2026-02-27,0.9,35.7,False,False,
2026-02-28,1.3,35.0,True,False,
2026-03-01,1.4,36.2,True,False,
2026-03-02,0.0,36.8,False,False,
2026-03-03,0.0,37.0,False,True,วันมาฆบูชา
2026-03-04,0.0,37.0,False,False,
2026-03-05,0.0,35.5,False,False,
2026-03-06,0.1,34.2,False,False,
2026-03-07,0.1,34.8,True,False,
2026-03-08,0.8,35.9,True,False,
2026-03-09,0.0,35.6,False,False,
2026-03-10,0.2,34.5,False,False,
2026-03-11,0.1,34.4,False,False,
2026-03-12,0.4,31.1,False,False,
2026-03-13,0.5,32.0,False,False,
2026-03-14,4.3,34.1,True,False,
2026-03-15,0.1,34.2,True,False,
2026-03-16,0.6,34.2,False,False,
2026-03-17,1.3,32.8,False,False,
2026-03-18,0.4,33.8,False,False,
2026-03-19,5.2,33.1,False,False,
2026-03-20,3.0,32.5,False,False,
2026-03-21,0.0,33.5,True,False,
2026-03-22,2.1,34.3,True,False,
2026-03-23,0.5,34.0,False,False,
2026-03-24,1.3,33.9,False,False,
2026-03-25,0.3,34.8,False,False,
2026-03-26,0.1,35.7,False,False,
2026-03-27,0.0,34.3,False,False,
2026-03-28,0.0,34.8,True,False,
2026-03-29,0.0,34.2,True,False,
2026-03-30,0.0,34.0,False,False,
2026-03-31,0.0,35.2,False,False,
2026-04-01,1.0,35.0,False,False,
2026-04-02,0.0,34.7,False,False,
2026-04-03,0.0,34.8,False,False,
2026-04-04,0.0,35.6,True,False,
2026-04-05,0.0,37.7,True,False,
2026-04-06,0.0,38.3,False,True,วันพระบาทสมเด็จพระพุทธยอดฟ้าจุฬาโลกมหาราช และวันที่ระลึกมหาจักรีบรมราชวงศ์
2026-04-07,0.0,38.2,False,False,
2026-04-08,0.0,37.0,False,False,
2026-04-09,0.0,36.2,False,False,
2026-04-10,3.3,34.7,False,False,
2026-04-11,0.0,36.6,True,False,
2026-04-12,0.0,36.8,True,False,
2026-04-13,0.0,37.0,False,True,วันสงกรานต์
2026-04-14,1.1,37.8,False,True,วันสงกรานต์
2026-04-15,0.0,36.5,False,True,วันสงกรานต์
2026-04-16,0.3,36.2,False,False,
2026-04-17,5.2,35.3,False,False,
2026-04-18,0.4,36.3,True,False,
2026-04-19,4.3,34.8,True,False,
2026-04-20,2.4,35.8,False,False,
2026-04-21,2.0,33.5,False,False,
2026-04-22,1.3,35.5,False,False,
2026-04-23,6.5,34.5,False,False,
2026-04-24,2.2,33.5,False,False,
2026-04-25,0.1,35.0,True,False,
2026-04-26,1.6,35.0,True,False,
2026-04-27,0.0,36.5,False,False,
2026-04-28,3.7,36.0,False,False,
2026-04-29,7.8,36.5,False,False,
2026-04-30,0.8,34.5,False,False,
2026-05-01,2.0,35.8,False,True,วันแรงงานแห่งชาติ
2026-05-02,4.0,35.8,True,False,
2026-05-03,3.1,36.1,True,False,
2026-05-04,0.9,35.3,False,True,วันฉัตรมงคล
2026-05-05,4.6,35.6,False,False,
2026-05-06,1.3,36.7,False,False,
2026-05-07,4.5,33.5,False,False,
2026-05-08,14.6,34.1,False,False,
2026-05-09,0.3,34.6,True,False,
2026-05-10,0.8,35.4,True,False,
2026-05-11,1.7,34.7,False,False,
2026-05-12,3.8,30.6,False,False,
2026-05-13,6.9,33.8,False,False,
2026-05-14,2.3,35.1,False,False,
2026-05-15,7.3,36.5,False,False,
2026-05-16,10.5,35.2,True,False,
2026-05-17,1.5,34.8,True,False,
2026-05-18,1.0,34.4,False,False,
2026-05-19,4.8,33.2,False,False,
2026-05-20,4.6,32.8,False,False,
2026-05-21,1.2,34.3,False,False,
2026-05-22,4.0,32.5,False,False,
2026-05-23,1.0,33.2,True,False,
2026-05-24,1.3,34.0,True,False,
2026-05-25,2.0,35.4,False,False,
2026-05-26,2.6,34.5,False,False,
2026-05-27,6.7,36.5,False,False,
2026-05-28,2.5,35.2,False,False,
2026-05-29,1.4,33.7,False,False,
2026-05-30,1.6,33.3,True,False,
2026-05-31,33.2,35.7,True,True,วันวิสาขบูชา
2026-06-01,0.5,34.7,False,True,ชดเชยวันวิสาขบูชา
2026-06-02,6.7,35.2,False,False,
2026-06-03,4.8,35.4,False,True,วันเฉลิมพระชนมพรรษาสมเด็จพระนางเจ้าสุทิดา พัชรสุธาพิมลลักษณ พระบรมราชินี
2026-06-04,6.4,33.7,False,False,
2026-06-05,5.8,35.2,False,False,
2026-06-06,5.0,32.5,True,False,
2026-06-07,3.2,33.5,True,False,
2026-06-08,6.1,32.4,False,False,
2026-06-09,15.3,33.0,False,False,
2026-06-10,11.0,32.2,False,False,
2026-06-11,14.8,32.8,False,False,
2026-06-12,17.9,30.5,False,False,
2026-06-13,2.7,33.0,True,False,
2026-06-14,6.0,32.9,True,False,
2026-06-15,9.0,33.8,False,False,
2026-06-16,12.2,34.2,False,False,
2026-06-17,4.1,34.1,False,False,
2026-06-18,2.0,34.5,False,False,
2026-06-19,29.4,33.2,False,False,
2026-06-20,13.3,31.8,True,False,
2026-06-21,3.2,35.0,True,False,
2026-06-22,3.8,35.4,False,False,
2026-06-23,6.6,35.7,False,False,
2026-06-24,2.2,35.6,False,False,
2026-06-25,8.2,34.7,False,False,
2026-06-26,5.3,34.2,False,False,
2026-06-27,7.9,34.8,True,False,
2026-06-28,12.0,34.6,True,False,
2026-06-29,3.8,34.1,False,False,
